"","Mode_Estimate","Mode_Std. Error","Mode_Pr(>|t|)","Mode_FDR","pcor"
"A0A075B6H7",-0.000595759366102568,0.000102266121257092,1.81134227215293e-08,1.95474020203171e-07,-0.339138766948677
"A0A075B6H9",0.000189463383452916,0.000335576219840492,0.573544914911725,0.629441241364986,0.0542882895721069
"A0A075B6I0",-0.00106982384185952,0.000239687882125864,1.26217983283813e-05,5.3590914213947e-05,-0.288282395426105
"A0A075B6I9",-0.000727458458980199,0.00016470571218457,1.54684389335738e-05,6.35924711713592e-05,-0.249858180283468
"A0A075B6J9",-0.000468898398063053,0.000247109928192337,0.0591421084307018,0.0875303204774386,-0.112740255298158
"A0A075B6K4",-0.000777236328385851,0.00026543670957663,0.00384407736482838,0.00777825029289493,-0.196328777578927
"A0A075B6K5",-0.000528889208620874,0.00020316586063014,0.00991815064859871,0.017715869089566,-0.15601077537363
"A0A075B6K5;P80748",-0.000829951230727962,0.000141494943917122,1.47978893471945e-08,1.66637101779277e-07,-0.314351248838325
"A0A075B6P5;P01615",-0.000679854459431871,0.000225891512775177,0.00293736307294051,0.00608621628713274,-0.147698232240541
"A0A075B6Q5",-0.000473301029333897,0.000171318938409169,0.00621708058596362,0.012106946404245,-0.14875144555687
"A0A075B6R2;A0A0C4DH41;P01824;P01825;P06331;P0DP06;P0DP08",-0.000906789843158722,0.000114547920489489,9.00483780510256e-14,7.77417663840521e-12,-0.407935348268839
"A0A075B6R9;A0A0C4DH68",-0.000286324405549429,0.000174130206758008,0.101409235146912,0.138236799489738,-0.104500799022668
"A0A075B6S5;A0A0C4DH67",-0.00103464683681657,0.000166807179120391,2.63203725052364e-09,3.40848823942811e-08,-0.302166100037207
"A0A075B7B8",-0.000542580821400152,0.000105428073846095,5.52484560182721e-07,3.66906413044423e-06,-0.283694653519963
"A0A075B7B8;A0A0B4J1X5;A0A0J9YY99;P01764",-0.000381761704393961,8.90840968172941e-05,2.63016997825911e-05,0.000103214246116532,-0.23486335890574
"A0A075B7D0",-0.000641879662794531,0.000212848596962377,0.00284674051048121,0.00594601445334383,-0.157451959712603
"A0A087WSY6",-0.000563393399325629,0.000112651402050269,1.09604341752218e-06,6.72490849909242e-06,-0.287490162848595
"A0A087WSZ0",-0.00103629390209088,0.000196652564554421,3.51618640068946e-07,2.75967356902597e-06,-0.264296098354796
"A0A0A0MRZ8;P04433",-0.000556628909722913,0.000106374418922463,3.63593043692433e-07,2.76972347989236e-06,-0.291416463601352
"A0A0A0MS15",-0.000904865633441364,0.000185770517349161,1.99447036439082e-06,1.09908047739835e-05,-0.26462721050984
"A0A0B4J1U7",-0.00104935426216174,0.000231287764846261,8.98670309332257e-06,3.94501034096703e-05,-0.259801751102119
"A0A0B4J1V0",-0.000565223034840297,0.000157249767394839,0.000395269942505168,0.00103409005160443,-0.215530303559486
"A0A0B4J1V0;A0A0B4J1V6;A0A0B4J1Y9",-0.000474573507388158,0.000117718563722196,7.4724869382031e-05,0.00023602123377983,-0.233347478143318
"A0A0B4J1V2",-0.000829033281367177,0.000165952531999138,1.11993449657764e-06,6.72490849909242e-06,-0.275139687784615
"A0A0B4J1X5",-0.000443941813302676,0.000146649016449813,0.00274501994202735,0.00582754233594332,-0.196969865827815
"A0A0B4J1X5;P01780",-0.00057046668466647,0.000114158617706065,1.14245549791532e-06,6.72490849909242e-06,-0.25835545272141
"A0A0B4J1X8;A0A0C4DH32;P01766;P01780;S4R460",-0.000415925301342281,9.90760580876186e-05,3.79262097447485e-05,0.000140326976055569,-0.243631112137491
"A0A0B4J1Y9",-0.000485668812408265,0.000153877934805159,0.00179916156073838,0.00408756880904596,-0.16912805545204
"A0A0C4DH24",-0.000936727339578237,0.000225696854746971,4.80038611802362e-05,0.000168013514130827,-0.252569344582489
"A0A0C4DH25;P01619",-0.000533490763637589,0.000130047542909096,5.78040544339639e-05,0.00019699013287364,-0.216534651309369
"A0A0C4DH34",-0.00102996540476479,0.000135670629537265,7.69687710916323e-13,3.98698234254656e-11,-0.366588205595885
"A0A0C4DH36",-0.000822592044229523,0.000148062902357064,7.35321322584009e-08,6.56718008790546e-07,-0.311595195854162
"A0A0C4DH38",-0.00085980426620632,0.000131156894325694,3.39660423834907e-10,5.49825311082756e-09,-0.35000777084281
"A0A0C4DH38;A0A0J9YXX1",-0.000811322398898812,0.000160278043208043,8.25686305912721e-07,5.34631883078486e-06,-0.266774394131738
"A0A0C4DH43",-0.000340585554400086,0.000387724153718124,0.380698153905933,0.456485286396466,-0.0501121082667903
"A0A0C4DH67",-0.000605581036432069,0.000190830577252671,0.00171195564284933,0.00395889742408907,-0.172153726369666
"A0A0C4DH73;P01597;P01611;P04432",-0.00109823004364627,0.000169618500245104,5.87880693101441e-10,8.95653526548666e-09,-0.314721272922093
"A0A0G2JRQ6",-0.00087539335895783,0.000131193861295282,1.64887950482575e-10,3.55883159791558e-09,-0.36377512405068
"A0A0J9YX35",-0.000541016947210709,0.000133635842359987,6.98377425730183e-05,0.000226099691580147,-0.243395325664513
"A0A0J9YY99",-0.000729621506600758,0.000147847095582635,1.52472047970293e-06,8.5848392226752e-06,-0.290634921957307
"A0A0J9YY99;P01764",-0.000516842402400768,0.000104079659990489,1.29072683917176e-06,7.42885002989966e-06,-0.266450992151925
"A0M8Q6;B9A064",-0.000767813650128448,0.00011616967912095,2.68370104861362e-10,4.86949599162874e-09,-0.337131519963925
"ALBU_HUMAN;P02768",1.24630519785741e-05,5.02494785417346e-05,0.804330081728186,0.820163351053544,0.022186186160648
"ANT3_HUMAN;P01008",0.000260214212688996,6.4068721448033e-05,6.68755979310354e-05,0.000222061280309464,0.216564692078842
"B2MG_HUMAN;P61769",0.000419537349118258,0.000196174434448879,0.0337514545384479,0.0539606587991235,0.132845958308732
"B9A064",-0.000584190003021378,8.83912091238958e-05,2.49697291711572e-10,4.86949599162874e-09,-0.345992426986744
"CO5_HUMAN;P01031",0.000269966118060095,6.44761666222545e-05,3.97886309793964e-05,0.000143128547550884,0.250076316803319
"CRP_HUMAN;P02741",0.000611180135402555,0.000413675992818958,0.141718484084563,0.187270853968886,0.0863872479035553
"GELS_HUMAN;P06396",4.96839035961559e-06,6.43012177165594e-05,0.938475524506418,0.941982840201033,0.0133625511868132
"HBA_HUMAN",0.0005547872044921,0.000204974624686538,0.00730901089411926,0.013683369973691,0.138456904667219
"HBB_HUMAN",0.000530404568594914,0.000199962829325723,0.00855061900307716,0.0155958473365985,0.136598001676415
"HBB_HUMAN;P02042",0.000558222434245361,0.000226787176440301,0.0145737553035049,0.0246706053830572,0.125175967725061
"IGF2_HUMAN;P01344",0.000275802785421042,0.000104349801598973,0.00877276489810042,0.0158891336266294,0.159440284725546
"LYSC_HUMAN;P61626",8.33988260712589e-05,0.000140267215346652,0.552866926125448,0.617743470411729,0.0324824239793551
"O00187",0.000250915837331779,0.000118055002141883,0.0346086054237448,0.0546562731996946,0.115544814536762
"O00391",0.000337909313819503,9.58834054396877e-05,0.000518222418368501,0.00131587849370041,0.185669933219564
"O14791",0.000247387612067129,8.85203070676294e-05,0.00561400651251047,0.0110994479903833,0.157577427484541
"O43866",-4.46368291138519e-05,0.000159589908618233,0.779952254183802,0.804811290173724,-0.0390677904635398
"O75636",0.000209875068477212,8.97207304012434e-05,0.0201599846047999,0.0330470633711594,0.120254136031726
"O75882",0.000287353168635848,6.21717091547832e-05,6.18949008637311e-06,2.91468714976479e-05,0.251077686603494
"O95445",9.85743169437993e-05,8.09583191069934e-05,0.224592994299705,0.282376628755454,0.0770465234297207
"P00450",0.000351914350612063,7.69447554816319e-05,7.65726639019983e-06,3.41936550872716e-05,0.262725568589593
"P00734",0.000337872534013441,6.47264951179556e-05,3.96286723031433e-07,2.85106281292058e-06,0.312025936663015
"P00736",0.000135586795652535,5.70619102400089e-05,0.018311760403086,0.0302085728942628,0.141367622763246
"P00738",0.000673364253373319,0.000162553925750575,4.77491577159476e-05,0.000168013514130827,0.266300842730111
"P00738;P00739",0.000626434101552268,0.000155247054283702,7.36190037244066e-05,0.000235399036600263,0.257907147120924
"P00739",0.000238850658372152,0.000148380180930666,0.108760659715733,0.147481732284685,0.100473331158234
"P00740",0.000271922091761455,8.68023344797958e-05,0.00196418464092146,0.00442368540868398,0.1791785324158
"P00742",0.000280019650626678,9.56525967149971e-05,0.00376719527796848,0.00768270533066014,0.158069790066665
"P00746",-5.55932547195958e-05,0.000127048093424696,0.66208036248623,0.705674131209604,-0.0185816015950574
"P00747",0.000212802925866375,5.81127871892131e-05,0.000307256364848963,0.000812034678529402,0.218377956114827
"P00747;P08519",0.000235800306398747,0.000111687147910411,0.0358478724263564,0.0559313190266645,0.108987228642061
"P00748",0.000104550446448957,0.000120028320393697,0.38459776875139,0.45903604657424,0.0599257105336089
"P00751",0.000411293342404784,6.83690462212899e-05,6.58523661426209e-09,7.75261946860855e-08,0.320731299443395
"P01009",0.000196640540992543,7.27013667570864e-05,0.00732624834823967,0.013683369973691,0.160986850995749
"P01011",0.000383930295877191,6.61300117095899e-05,2.04011708824164e-08,2.11356130341834e-07,0.336056280144034
"P01019",0.000128537441525291,7.7762018086226e-05,0.0997613193951833,0.136709956208214,0.0944611114409682
"P01023",0.000393221933851729,8.54163561246417e-05,6.71806461751154e-06,3.06581438697539e-05,0.266490467120097
"P01023;P20742",0.000410303392691991,9.11909733983677e-05,1.06257840884559e-05,4.58679679818346e-05,0.248519533483155
"P01024",0.00035209769916279,5.5171073275643e-05,9.01611136439083e-10,1.29731824632068e-08,0.357629757097837
"P01042",0.000257151729937083,5.36188866548085e-05,2.85297074976008e-06,1.50799882487319e-05,0.265397859282452
"P01591",6.08792745871245e-05,0.000129832615941543,0.639560838749672,0.688363402118842,-0.00149459046352112
"P01593;P01594",-0.00111826368334074,0.000146434051121596,5.63399958873676e-13,3.64801473370705e-11,-0.376919544026811
"P01597;P04432",-0.000858683533041638,0.000204581194693162,3.94423143603925e-05,0.000143128547550884,-0.218260751015235
"P01599",-0.000793673576718566,0.000145731543879286,1.26618444526384e-07,1.09313923774445e-06,-0.313851927570758
"P01602",-0.000573536515907038,0.000121209593314919,3.77093451811114e-06,1.87821546190536e-05,-0.252830550396891
"P01619",-0.000401066538899975,0.000112969896901578,0.000461836952856821,0.0011843145622764,-0.209719293583874
"P01700",-0.000753100788392588,0.00010906350639491,4.57883306986147e-11,1.31768640566013e-09,-0.383560226660459
"P01703",-0.000925458592743697,0.00016624092343031,6.8758303303752e-08,6.36014305559706e-07,-0.312080310042848
"P01714",-0.000510165925118662,0.000223549904365368,0.0234844903142187,0.0380155186961415,-0.129969506916548
"P01717;P01718",-0.000932088286361902,0.000141619155197841,2.82017142372321e-10,4.86949599162874e-09,-0.361275622186016
"P01742",-0.00104847777198798,0.000246862070268865,3.15885887747125e-05,0.000120315360186037,-0.241295172420196
"P01780",-0.00029218965171238,0.000165211518919442,0.0782457307522379,0.10932517128217,-0.0977599930324054
"P01833",0.000312220643787392,0.000233633046363129,0.182811806996103,0.23556347269647,0.0643319050119752
"P01834",-0.000533475101745496,8.54848912011892e-05,1.95296959273228e-09,2.662205918514e-08,-0.337344598639896
"P01857",-0.00102939256723527,9.66296003630877e-05,5.16458843500442e-22,1.33762840466615e-19,-0.537869879652051
"P01857;P01859;P01860",-0.000843721100124492,0.000176919144787736,3.28817677203316e-06,1.66987800775802e-05,-0.235760149491344
"P01857;P01859;P01860;P01861",-0.000686503978164238,0.000131414446464484,3.77017484229846e-07,2.78992938330086e-06,-0.273285467268287
"P01857;P01860",-0.000925385448514799,0.00012555283267947,2.870390015472e-12,1.23905169001208e-10,-0.379344421784765
"P01857;P01860;P01861",-0.00101118328507289,0.00012308808246177,1.238180393663e-14,1.60344360979359e-12,-0.407819985891262
"P01859",-0.000525620766137716,0.000140516315685191,0.000231427939780225,0.000658679520912947,-0.222220475158884
"P01859;P01860;P01861",-0.000540071690252781,0.000178845213527361,0.00279541420978572,0.00588627870190651,-0.162462632812068
"P01859;P01861",-0.000566855019159389,0.000222776555895905,0.011580171122169,0.0204031586438216,-0.12040552947304
"P01860",-0.00110400276783446,0.000156480412754739,1.82041893553264e-11,6.73555006147077e-10,-0.408655763670418
"P01861",-0.000139423931255716,0.000237957897227656,0.558472660099755,0.620791497707453,-0.0274328271727978
"P01871",-6.31859720281892e-05,0.000164399535684886,0.701065590551988,0.735125457299453,-0.0493309555430335
"P01876",-9.83454176710065e-05,0.000122967642191153,0.42462338121623,0.502180163173533,-0.0491259955657737
"P01876;P01877",-4.91292679827103e-05,0.000155991146449407,0.753071000881318,0.780181556913045,-0.0181389957644409
"P01877",-0.000269354725103558,0.000199981491286456,0.179267003084967,0.232150768995032,-0.0599433037173555
"P01880",0.000424689675850298,0.000448407317119913,0.344609137192882,0.417073675387647,0.0353496411516337
"P02042",0.000500377713965787,0.000248572039024663,0.0453713124185413,0.0687202919087847,0.108618947920847
"P02647",0.000178860267242447,7.06170279223155e-05,0.0119613182137067,0.0207918215929532,0.138772119094556
"P02649",0.000196280453484848,0.000107880607819517,0.0701022632358716,0.102579017955315,0.115875255518445
"P02652",6.7273244515984e-05,9.08254662984859e-05,0.459634623218179,0.53145253309602,0.0253361282588482
"P02654",0.000100601561640268,9.30188157251619e-05,0.280574723436236,0.346042158904691,0.0543255334791642
"P02655",-7.64913649556733e-05,0.000163594915375015,0.640523474558459,0.688363402118842,-0.0254777913096726
"P02656",-6.20863848076516e-05,0.000108628342436484,0.568172303087088,0.626681940161855,-0.0294264154974243
"P02671",0.000403736208115575,0.000120012082266391,0.000901023964053889,0.00212150187899961,0.188849550925719
"P02675",0.000836216867381716,0.000244613795767274,0.000809979091149935,0.00192462921658563,0.232137614842052
"P02743",0.000401205174756837,7.71021489707596e-05,4.18747499429946e-07,2.93123249600962e-06,0.278521554652692
"P02745",-7.62372402076108e-05,8.29628330052527e-05,0.359115928571363,0.432609420930154,-0.0457738167424625
"P02746",-0.000109158228887963,5.68374277570237e-05,0.0559847137756499,0.0833335682062835,-0.109060769595723
"P02747",-0.00011863035528391,5.61007795202646e-05,0.0355096954221047,0.05573946129894,-0.122610549526438
"P02748",0.000519588880828602,0.000108947050547872,3.20414153892858e-06,1.65974531716501e-05,0.288701539561818
"P02749",0.000232234746504941,7.45944751449727e-05,0.00208644206344244,0.00465852150372062,0.17827520275239
"P02750",0.00036054617672213,0.000111203583128954,0.001355724923058,0.00316335815380199,0.177220802302224
"P02751",2.01973942176686e-05,0.000102276933476417,0.843634107873097,0.853520445074735,0.0236949229203643
"P02753;RETBP_HUMAN",-7.09417627502623e-05,0.00010006343325724,0.479027422041791,0.546920237623469,-0.0398429567301325
"P02760",0.000201437305421584,6.50237230915573e-05,0.00217861795252546,0.00478188177715334,0.186621534595268
"P02763",0.000513422446581188,9.9026184264468e-05,4.71370021480759e-07,3.21275883061886e-06,0.287877924057006
"P02763;P19652",0.00044681505034606,0.00011541192752857,0.000142038978802741,0.000422851672527699,0.198223108133001
"P02765",0.000163767675812084,6.46221991759033e-05,0.0118934619308253,0.0207918215929532,0.147412099799022
"P02766",4.07069251445154e-05,7.88055653186288e-05,0.605955395498591,0.65666295997546,0.028689888869848
"P02774",0.000208568875797515,5.23270743103308e-05,8.89204265824801e-05,0.000270945770410145,0.231039351780273
"P02775",-6.28494988096316e-06,8.62687863614806e-05,0.941982840201033,0.941982840201033,-0.000824968703198864
"P02776",8.06662978382298e-05,0.000145940501497455,0.580955178061898,0.63221592906736,0.0285795888369189
"P02776;P10720",-7.54871356621595e-05,9.97129595739298e-05,0.449755333441277,0.52471455568149,-0.0411300051667348
"P02786",0.000362046021301149,0.000161735323512333,0.026206089288634,0.0421576218991069,0.11232776668657
"P02790",0.000356628051078333,5.31404540449014e-05,1.36791109202765e-10,3.22080884395601e-09,0.379768777222635
"P03951",0.000403719899541825,9.95793151812291e-05,6.83486986792663e-05,0.000224079910859873,0.218165692790025
"P03952",0.000356988368122071,5.87371189323732e-05,4.68722510680551e-09,5.78091096506013e-08,0.330442158080516
"P04003",0.000334592181133828,6.96851817912455e-05,2.81116587285252e-06,1.50799882487319e-05,0.273065518125373
"P04004",0.000230043328923401,6.61638725347431e-05,0.000605101353033245,0.00150693510034241,0.198198385416736
"P04070",7.19565996313126e-05,0.000126029351235371,0.568611026787784,0.626681940161855,0.030019915323089
"P04114",0.000151325913845987,8.39487068034633e-05,0.0727165772205741,0.104872950990688,0.110467770584138
"P04180",0.000300298751100916,6.97021833298333e-05,2.40014871464699e-05,9.56366949374723e-05,0.236622807890018
"P04196",0.000240825821423414,9.18736711224764e-05,0.00931289941503102,0.016750284364535,0.156642163961005
"P04217",0.000104077608312451,4.97450784352813e-05,0.0375015282941158,0.0581610528633293,0.127884063760001
"P04275",0.000143261848777633,0.000189066937363667,0.449382538302859,0.52471455568149,0.0537122160777403
"P04278",-0.000315977631307009,0.000238341866012911,0.186182755247046,0.238719473311806,-0.0654223479312024
"P04430",-0.000534237048342376,0.000173788164423328,0.00236867873617412,0.00511239827224248,-0.200126442096115
"P05090",3.87502560661582e-05,9.22263921570667e-05,0.67474283955233,0.71622293214776,0.0472941578807234
"P05109",0.000759697206162638,0.000217315006305229,0.000574099993328702,0.00144361066283625,0.186638007600805
"P05154",0.000154073976419683,8.56453874794978e-05,0.0733432520565051,0.104949736368148,0.106409301941428
"P05155",0.000480463575645308,6.83405015882221e-05,2.16164084426826e-11,6.99831223331849e-10,0.398671149103132
"P05156",0.000370368426906533,6.93726796526843e-05,2.16702092782845e-07,1.81051103325022e-06,0.295509387312549
"P05160",5.48919305705954e-05,8.12075548734242e-05,0.499747964013037,0.562759663823376,0.0346885344116661
"P05452",3.08122073988666e-05,9.349924758786e-05,0.742054034679481,0.771855401534079,0.0194218664535627
"P05543",0.000250081271611544,7.91203275800918e-05,0.00177598377361651,0.0040706176758113,0.181661630676175
"P05546",0.0004000724290154,9.05629682194086e-05,1.50799061860422e-05,6.29950919707249e-05,0.253743997363016
"P06276",0.000472842539886819,8.98928781812774e-05,3.11520035004436e-07,2.52136528331716e-06,0.273541037670586
"P06312",-0.000368064597247398,9.21898949944744e-05,8.66732995320781e-05,0.000270462464804918,-0.235345624244231
"P06681",0.000308931637693361,7.82050506377552e-05,0.000104373418128354,0.000314333898781902,0.227708178502904
"P06702",0.000704949224284073,0.000228427831837206,0.00230241110577282,0.00501113005374085,0.18075924813258
"P06727",0.000170487177882459,9.0553352188968e-05,0.0609425605537918,0.0896825180876823,0.107140815170285
"P07225",0.00031072759441272,7.32977652312503e-05,3.23710644925436e-05,0.000121508778312591,0.240105710026334
"P07357",0.000306327816720252,7.0858485461096e-05,2.26189820937307e-05,9.15361931605663e-05,0.235445108049686
"P07358",0.000382395452035554,8.11732560673904e-05,4.20883675203545e-06,2.05677116750412e-05,0.266421582719454
"P07359",0.000313673845804975,0.000173071924211634,0.0714729890137938,0.103997214351531,0.117469954080179
"P07360",0.00033125505530169,8.30471130755369e-05,8.86343504002684e-05,0.000270945770410145,0.214871261755224
"P07996",-0.000133820001182568,0.000125829247924937,0.288624920617955,0.354283670331993,-0.0553024004284988
"P08185",0.000223355784587933,9.01603433161198e-05,0.0139363941646875,0.0237468821621978,0.132726871950513
"P08519",-0.000259180902517869,0.000436628687453223,0.55334550245375,0.617743470411729,-0.039081643032017
"P08571",0.000495904461286988,0.00013097526583419,0.000195032840395462,0.000567567479353085,0.204295270432309
"P08603",0.000289612509170962,5.72928895824068e-05,8.6077741715767e-07,5.43759392789845e-06,0.289886586510125
"P08603;Q03591",0.000247047163905874,8.39952054407629e-05,0.00360647060193218,0.00741330068174948,0.137169241274833
"P08697",0.000195846594094849,5.64965806183521e-05,0.000623913551986958,0.00153898676156783,0.190294196108557
"P09486",7.60308633205444e-05,0.000136681101499065,0.578676748245797,0.63221592906736,0.0419439351092696
"P09871",0.000147779988804333,5.34234149130582e-05,0.00611672903659536,0.0120017637915015,0.169319103381329
"P0C0L4",0.00034641529759945,0.000162592504836223,0.034155943602947,0.0542723275654188,0.113457665808005
"P0C0L4;P0C0L5",0.000397238991168125,8.48835994798763e-05,4.81884156627268e-06,2.31125919567523e-05,0.284711983723307
"P0C0L5",0.000431093143210771,0.000138819276843294,0.0021423392590017,0.0047424433169354,0.166010034362595
"P0DJI8",0.000599987628289963,0.000338213157066441,0.0774368305781059,0.109310259075753,0.0922707647908172
"P0DJI8;P0DJI9",0.000715367600003909,0.000548004643504755,0.193860504086708,0.246350789009156,0.0930106858305636
"P0DOY2;P0DOY3",-0.000598149821683293,0.000159952040515451,0.000231293997891376,0.000658679520912947,-0.183365061313511
"P0DP04",-0.000583485354869744,0.000191428305083455,0.00256353857298664,0.00548724372234331,-0.15421780009737
"P0DTE1",-0.000748524118228255,0.000200805598294215,0.000242053335561504,0.000681432759895973,-0.206060508345099
"P10643",0.000255256989339096,9.28159986154894e-05,0.00641278229927708,0.0123948553396475,0.183009005271472
"P10909",0.000226701247878272,4.92697502479925e-05,6.74715907558291e-06,3.06581438697539e-05,0.246783072743342
"P11226",0.000419995102959864,0.000288193566401523,0.14705322717597,0.193333938266885,0.112696868247843
"P11597",-0.000258263757816683,0.000150872684331341,0.0884317142937011,0.121828797883344,-0.0990191897113134
"P12259",0.000217825289088043,0.000110744199341325,0.0503573994767327,0.0758288747934521,0.0999263372194954
"P13671",0.000413404673985914,7.28129703302352e-05,3.94064610777937e-08,3.9254897765956e-07,0.304704046142536
"P13796",-2.52260671064808e-05,0.000158994774497547,0.874092891335014,0.880895170645014,-0.0147457576927553
"P14151",6.29842251879818e-05,0.000136178129683227,0.644150005052487,0.689400212018984,0.0280363961912633
"P15169",0.000313747822544833,8.44397140404002e-05,0.000250866011965404,0.000691215926585529,0.198196167364208
"P15814",-0.000917117234853829,0.000134586814554441,8.04666815057847e-11,2.08408705099982e-09,-0.315787093794662
"P16070",-2.58897399208839e-05,0.000123496763147671,0.834163390926206,0.847248306862303,-0.00947193405518028
"P17936",0.000282088598497907,0.00015964707855049,0.0785115129671181,0.10932517128217,0.0835116945846518
"P18428",0.00055074015183758,0.000149834954182163,0.00029981980376143,0.000800549785301137,0.187392548917655
"P19652",0.000214305744711493,0.00010345761316011,0.0393962165750984,0.0603764502541449,0.104512690083856
"P19823",9.54615790219877e-05,5.99047290973264e-05,0.112350868829365,0.151191289164458,0.103566186677432
"P19827",0.000115850808044169,7.36395036346115e-05,0.116962636201383,0.156151148330712,0.096678971623472
"P20742",0.000867068979155619,0.000326551114798669,0.00850101757686115,0.0155958473365985,0.108125712374026
"P20851",0.000332037132946385,8.17206733783077e-05,6.57162914428039e-05,0.00022104570758034,0.222643341752885
"P22352",0.00010800202902308,9.71231101376722e-05,0.267277815365132,0.331219876457269,0.0670981839708622
"P22792",0.000174528961986111,6.84831938810893e-05,0.011438561206015,0.0202916941942321,0.1435056297999
"P23083",-0.000873551636165786,0.000256788222802893,0.000791244228504355,0.00191525472133297,-0.206562638340375
"P23142",0.000162807135597255,0.000102253891870024,0.112663779184326,0.151191289164458,0.0951855537031384
"P25311",0.00020511981612078,7.04798477544789e-05,0.00395161170374315,0.00793385605635252,0.168623107846155
"P26927",0.000106704887986398,0.000153556603291127,0.487799343630524,0.552998815747078,0.0283152399639454
"P27169",0.0003421875429463,9.20211968613778e-05,0.000250410758737044,0.000691215926585529,0.206569122854168
"P27918",0.000191809431590225,9.93013383706789e-05,0.0546732017666686,0.0818517876159953,0.103890871816223
"P29622",0.000182357463322963,6.74001781233276e-05,0.00734358465769519,0.013683369973691,0.143493858766888
"P33151",-5.71833185985928e-05,0.00015150453634147,0.706210061420643,0.737533894790107,-0.0177072445434448
"P35542",0.000346203200618085,9.00655387596521e-05,0.000154600267470271,0.000455016696304547,0.21970498426888
"P35858",0.000264871481702244,0.000105753849428533,0.0129443940413408,0.0223506537113818,0.138835652193167
"P36955",0.000182607753650063,6.68179780697453e-05,0.0067406364343109,0.0128579278056224,0.157932843420859
"P36980",0.000319474390051608,0.000182235504368517,0.0808798355913358,0.112020734856449,0.126368186937956
"P36980;Q03591",0.000333457538732886,0.00013598837482537,0.014931793435984,0.0251125616877912,0.153146816002125
"P40197",6.44300765345347e-05,0.000157120179307788,0.68219055537361,0.72117287282353,0.0363712772931401
"P43251",0.00012794470075009,9.48720533406275e-05,0.178746347297749,0.232150768995032,0.0727492946092138
"P43652",0.000136972687825639,7.72872049387574e-05,0.0776567091503421,0.109310259075753,0.0979902148879878
"P48740",0.000167086077494457,9.27170492618426e-05,0.0728846763641849,0.104872950990688,0.0995983605302468
"P49908",6.57401379745035e-05,9.4856601348102e-05,0.488944898865177,0.552998815747078,0.0378361197100371
"P51884",0.000189643013426925,8.2950235840478e-05,0.0231519740144192,0.0377129639605947,0.134200960982156
"P55056",0.000117292439264023,0.000165550867867662,0.479347080851457,0.546920237623469,0.0461288137814361
"P55058",0.000185815696066038,0.000130044457577265,0.154462086080421,0.202048890377924,0.0743165139951916
"P59665;P59666",0.000597876739076594,0.000167678306254866,0.000435961310579708,0.00112913979440144,0.185153508477192
"P60709;P63261",0.000172443615669779,0.000139889010731424,0.218977534740094,0.276659421939924,0.0645322797108702
"P80108",0.000191661515730272,0.000107865412562932,0.076861211168551,0.109310259075753,0.101958093041068
"Q03591",0.000349381806945508,0.000143191230319781,0.015455656851959,0.0258259040300476,0.139649395920224
"Q04756",0.00030519389018479,0.000128325508622291,0.0181822309190798,0.0301871654361645,0.163752278128383
"Q06033",0.000321619448790687,0.000119643561947434,0.00767874684780387,0.0142056816684372,0.172437263683077
"Q08380",0.000517199375960265,0.000151046904498431,0.000723973688558135,0.00176895457864676,0.18254177099322
"Q12805",0.000164314404777167,0.000107491322015282,0.127673320472634,0.16957635898673,0.0918534813382773
"Q13103",0.000126975549011921,0.000167295089429052,0.448774434992283,0.52471455568149,0.0384181746067652
"Q14520",-3.21764510934962e-05,8.07794583654659e-05,0.690751405240203,0.727254528281352,-0.0306664876002377
"Q14624",0.000351937732320727,6.21880549097795e-05,4.35171940099715e-08,4.17442712910467e-07,0.327361392011277
"Q15166",0.000454539653593912,0.000122840146845261,0.000269352602302447,0.000726690874961811,0.192908684497501
"Q15582",0.000370961506307854,0.000132136443072769,0.00540326387361236,0.0107649641789662,0.144584098031699
"Q15848",0.000148038210229421,0.000206202710330335,0.473541179714401,0.54509851353791,0.0421640442872604
"Q16610",-3.93565835771425e-05,0.000148748561530733,0.791559807249794,0.813390849084343,-0.0168236851450775
"Q6EMK4",0.000132330460501254,0.000153681410035014,0.390164385868377,0.463543926329861,0.0511975819097244
"Q6UXB8",0.000150609143383468,0.000147339210908144,0.307965077526909,0.37624035414844,0.0442964260995884
"Q92496",0.000469318107180463,0.000226448694122882,0.039329158247644,0.0603764502541449,0.131533048721764
"Q92954",0.000379132675164095,0.000184507572247532,0.0412919254508779,0.0629094628928081,0.123319198959884
"Q96IY4",0.000259370912146337,7.00723405147273e-05,0.000266242444397465,0.000725860979988877,0.216258764941364
"Q96KN2",-4.11964697563893e-05,0.000158017602548747,0.794547817831424,0.813390849084343,-0.0148420630562531
"Q96PD5",0.000191025073025258,6.99208606020473e-05,0.00675165321067433,0.0128579278056224,0.167404095666424
"Q9BXR6",0.000195922140042811,0.000150249589168816,0.194036914895242,0.246350789009156,0.0788013949533947
"Q9HDC9",-0.000196290908514127,0.000195387174882941,0.31647205732178,0.384818135428831,-0.0650581297899165
"Q9NQ79",-0.000224258623400369,0.000185610094047322,0.228916206744305,0.286421727279106,-0.103723721412061
"Q9NZP8",0.000233564595673705,9.35124364030909e-05,0.0131911301154044,0.022625845694634,0.148092514990955
"Q9UGM5",0.000136104837224981,0.000120521865657426,0.25991710973355,0.323646785677834,0.062833872391822
"Q9UHG3",-0.000114887267549669,0.000153115789086331,0.453869699599119,0.527140144377453,-0.0427292555352094
"Q9UK55",0.000477251367485561,0.000111653887890487,2.81392914250875e-05,0.000108777260882055,0.247871785064403
"Q9Y6R7",0.000574092289106267,0.000139308595115108,5.27671405702754e-05,0.000182222525436018,0.227272790678094
"TRFE_HUMAN",0.00021344356209378,6.28674183414187e-05,0.000803730826807457,0.00192462921658563,0.211775292917644
